area,age,subway_dist,bedrooms,is_decorated,district,rent
38.4,12.2,1.33,2,1,1,8085
31.8,2.0,1.92,2,1,1,6464
40.2,10.5,3.24,2,0,2,4307
52.3,3.3,0.1,3,1,2,10559
30.9,24.2,0.2,3,0,2,5154
30.9,28.4,2.61,1,1,2,3285
53.2,2.2,0.74,3,1,3,9089
41.7,28.7,1.0,3,0,2,7221
30.0,15.7,1.31,2,1,1,6308
39.0,9.0,1.36,1,1,4,4135
30.0,2.3,3.22,3,0,2,4334
30.0,15.0,5.0,5,0,4,2927
35.6,23.8,1.53,2,1,1,5901
30.0,21.2,0.41,2,0,4,2828
30.0,1.5,2.54,2,0,0,5811
30.0,2.2,0.1,3,0,1,6289
30.0,12.1,0.32,2,1,0,8055
36.4,8.9,2.73,2,1,3,4267
30.0,7.0,0.36,3,0,4,3105
30.0,8.4,0.3,3,0,2,4998
51.4,24.1,0.18,2,1,4,4752
30.9,27.9,2.35,2,1,2,4444
33.8,12.2,0.83,3,1,3,4298
30.0,27.2,1.35,1,1,3,3608
30.0,9.6,0.33,1,1,1,5550
34.2,14.3,1.7,4,1,2,6297
30.0,6.8,1.71,1,0,4,2120
37.1,19.2,0.45,3,1,4,4248
30.0,29.4,0.63,4,0,4,3245
30.3,18.1,0.28,2,1,4,3436
30.0,10.7,4.5,2,1,1,4367
57.7,19.4,1.24,3,1,3,7492
33.0,3.7,3.27,4,1,2,6498
30.0,26.7,0.43,4,0,4,2896
42.4,15.1,1.83,3,0,2,6140
30.0,13.5,1.74,1,1,2,4255
35.3,17.6,1.41,3,1,2,6391
30.0,18.7,4.04,2,1,2,4281
30.0,2.2,0.6,2,0,0,5366
35.1,20.5,0.17,1,0,4,2228
41.3,7.3,1.34,2,1,3,5315
34.9,21.4,1.57,3,0,1,6907
32.0,24.7,1.03,2,0,3,4075
30.3,24.1,0.28,2,1,3,4779
30.0,16.6,0.84,2,1,2,4844
30.0,15.6,0.45,4,0,1,5063
30.0,4.3,0.67,3,0,4,2412
45.5,23.3,1.24,2,1,3,5353
36.7,8.1,1.64,2,1,2,5874
30.0,14.9,0.32,2,1,3,4754
36.5,8.5,0.62,4,1,0,11543
30.0,4.0,0.38,3,0,2,5157
30.0,18.9,0.27,3,1,1,6059
39.8,1.6,1.84,3,0,1,6573
45.1,22.5,2.88,2,0,3,4369
43.8,9.5,0.55,4,1,4,6324
30.0,0.0,1.67,3,1,2,5932
30.2,15.3,2.73,2,1,1,4700
36.6,1.4,2.25,2,0,3,4317
44.4,8.3,0.24,3,1,4,5801
30.0,21.2,3.76,4,0,3,2976
31.3,1.9,0.57,2,0,4,2765
30.0,25.2,0.5,4,1,2,6321
30.0,0.1,0.1,3,0,3,4175
42.3,7.4,0.8,2,0,1,8294
49.7,22.2,0.14,1,1,2,7588
32.4,9.5,0.34,2,1,2,5422
44.7,3.1,0.46,3,0,2,7444
36.9,10.8,1.99,2,0,4,3102
30.0,8.1,2.5,2,1,4,2745
36.9,25.3,0.43,3,1,1,7073
52.5,9.4,2.35,3,1,1,11366
32.8,23.7,2.34,2,0,2,4258
53.0,26.8,1.74,2,1,1,9622
30.0,13.0,0.19,2,1,3,4929
42.4,27.3,1.41,3,0,4,3522
34.0,11.3,3.48,4,1,4,4418
30.3,28.9,1.38,2,0,3,2791
34.0,2.7,0.48,4,1,3,5559
30.0,20.6,0.83,3,0,2,3702
31.0,14.8,1.25,3,1,1,6329
36.9,11.6,0.86,3,0,2,5472
51.6,19.0,0.15,2,0,2,7552
30.0,21.1,0.45,2,1,3,4132
30.0,0.1,1.95,3,1,1,5834
30.0,5.0,2.37,3,1,2,5110
43.6,21.4,0.18,3,1,2,7735
36.5,20.0,3.65,2,0,4,2132
30.0,29.0,0.48,4,0,2,4353
38.6,22.8,1.3,3,1,3,5003
34.1,28.5,1.67,1,0,3,3429
44.3,21.1,2.01,2,0,1,6579
30.0,8.9,3.5,3,0,2,4286
30.0,3.2,0.45,3,1,4,3275
30.0,23.5,2.35,2,1,2,4841
30.0,19.3,0.17,4,1,4,4480
36.2,1.4,1.47,2,1,1,5848
35.8,10.8,1.63,2,1,0,7319
33.2,28.7,1.36,4,1,4,4054
30.9,15.0,0.35,4,1,3,5653
30.0,13.0,2.48,3,0,4,2504
30.0,13.7,0.22,4,1,3,5079
30.0,6.3,0.1,1,1,4,2884
30.0,11.1,1.52,4,1,3,4970
31.6,11.1,0.77,2,1,3,4916
37.4,1.6,2.27,2,1,2,5592
58.3,23.0,0.58,2,1,2,10164
34.9,12.5,0.22,2,1,4,3562
35.8,24.7,2.17,2,1,2,4724
32.4,25.5,0.96,2,1,2,5441
30.0,6.4,0.25,2,1,2,5897
32.9,19.7,1.53,2,0,2,4601
33.7,14.2,0.86,3,1,2,5429
69.3,26.4,1.11,2,1,0,13471
31.3,6.5,0.74,2,1,4,3759
36.3,20.3,2.12,3,1,2,6022
32.8,18.2,2.12,4,1,2,5413
30.0,8.9,1.48,3,1,1,6822
46.7,4.1,0.13,2,0,0,8929
41.5,19.5,2.19,3,1,1,9533
42.0,22.2,1.33,2,1,3,6097
30.0,9.5,1.43,2,0,0,5963
50.4,19.3,0.54,2,0,4,4952
30.0,11.9,2.54,4,1,1,6662
39.5,21.4,1.55,2,1,1,7665
63.9,6.0,0.14,1,1,1,13610
30.0,26.7,0.63,2,1,0,6603
30.0,8.6,2.61,4,1,3,4520
34.1,11.0,0.1,3,1,4,3550
30.0,1.7,3.91,2,0,3,2946
30.0,3.3,1.36,3,1,1,7318
33.8,15.5,1.2,3,1,1,7886
30.0,8.0,0.38,3,1,2,6225
38.2,25.1,0.34,2,0,4,3080
30.0,0.4,3.42,4,1,1,5301
52.7,11.4,0.43,2,0,3,5843
30.0,10.1,1.79,3,1,2,5214
30.1,0.6,0.6,1,1,1,5529
42.3,3.7,0.18,2,1,2,8157
30.0,12.4,0.1,2,1,0,8624
35.5,14.8,0.94,3,1,3,5393
49.0,12.1,4.46,1,1,1,6535
30.0,15.9,0.55,3,1,3,4483
35.0,17.9,0.53,2,0,0,6685
35.8,0.3,0.51,3,1,4,4246
41.9,13.9,0.88,4,1,1,10191
30.0,28.9,0.7,3,1,4,3447
30.0,15.6,2.54,3,0,3,3462
38.7,20.3,0.85,3,0,4,3841
36.2,9.4,0.85,2,1,2,6435
35.7,23.2,0.18,4,1,3,4863
36.7,23.2,4.87,2,1,2,4682
30.0,15.6,0.35,3,0,1,5239
35.5,29.3,0.1,3,0,2,4687
36.2,3.8,1.31,2,1,1,6484
30.0,0.5,1.09,2,1,4,3514
58.0,23.1,0.64,2,1,0,12195
38.2,24.2,0.66,4,1,2,6202
30.0,3.6,1.84,4,0,3,4370
40.3,8.0,0.26,3,1,2,6823
30.0,0.5,2.06,3,1,3,4607
41.9,8.8,1.26,4,0,1,8644
46.9,23.2,0.65,1,0,2,5973
30.0,15.5,0.74,2,1,1,6960
44.2,10.4,0.36,3,0,4,3919
37.5,11.2,1.67,4,1,3,6017
42.4,0.0,0.86,4,0,4,4783
58.5,9.0,0.46,2,0,0,11940
30.8,19.4,1.09,1,1,1,5245
30.0,29.2,5.0,2,0,1,3279
30.0,25.4,0.69,2,0,0,5155
30.0,0.7,3.04,2,1,1,4890
32.4,27.0,0.51,3,1,3,5133
36.7,23.5,0.1,1,0,1,5508
36.0,23.4,0.27,4,1,2,7894
42.4,13.7,0.65,2,1,4,4390
33.2,11.9,0.3,3,0,3,4109
51.2,9.1,0.1,1,0,2,5948
30.6,2.0,2.96,2,1,2,4915
74.9,6.8,2.23,1,1,2,9165
40.0,7.4,1.63,5,1,1,12327
30.0,14.5,0.22,4,1,3,4535
30.0,22.4,0.15,2,1,2,5115
38.3,14.2,0.1,2,0,4,4068
31.0,1.7,1.54,4,1,3,5630
41.0,28.7,3.17,2,1,3,4485
38.2,28.3,0.68,2,1,2,5338
32.4,23.6,0.15,3,0,1,5051
30.0,29.7,0.86,4,1,3,4966
30.0,16.3,0.51,1,1,2,5133
30.0,28.9,0.56,2,1,1,5293
42.8,2.3,1.17,4,1,1,9526
35.3,11.0,1.52,2,1,1,5105
30.0,6.8,0.14,2,1,3,4001
34.9,5.9,0.1,3,1,1,8248
37.2,4.2,5.0,4,1,2,6966
30.0,18.7,0.32,2,1,2,5375
34.7,23.4,0.1,5,1,2,7940
33.7,17.3,0.25,3,1,4,3888
30.0,4.4,0.1,1,1,4,2916
36.9,24.3,0.6,5,1,2,9017
39.2,19.1,1.95,2,1,0,8216
45.8,11.6,0.5,2,0,2,5151
45.4,20.2,0.7,3,1,3,6229
30.0,7.8,1.35,2,1,2,4587
30.0,10.4,0.85,1,1,3,3492
38.6,27.5,2.37,1,0,1,4973
38.6,8.7,2.41,2,0,3,4030
38.6,14.1,0.1,4,1,1,9669
105.2,26.7,1.81,3,1,3,15153
39.3,21.2,0.74,5,1,2,7899
46.6,1.9,5.0,2,1,3,5967
44.1,4.4,0.79,2,1,0,9786
40.3,0.2,5.0,2,0,2,4525
30.1,18.9,1.69,2,1,3,3696
41.6,13.4,0.34,2,0,1,7098
30.0,4.0,0.93,3,1,3,5004
30.8,28.7,5.0,4,0,3,3114
30.0,15.9,2.34,5,0,2,4681
33.9,7.3,0.12,2,1,2,5424
66.3,15.0,1.47,4,1,2,15927
30.0,20.4,0.51,2,1,2,4694
40.7,2.3,0.1,2,1,2,8014
30.0,8.2,0.62,4,1,3,4422
30.0,24.2,0.32,3,1,2,5293
45.9,13.8,2.05,2,1,1,8220
33.8,16.4,0.49,2,0,1,5844
30.0,13.0,2.11,2,1,0,4617
30.0,1.3,0.1,3,0,2,5281
40.6,5.0,0.44,2,1,3,5235
30.0,13.4,0.33,5,0,3,4908
35.3,6.3,0.32,1,1,1,5919
33.6,1.5,0.1,2,1,4,3627
30.0,25.3,0.25,2,0,2,3948
63.0,29.4,0.97,3,1,4,5950
40.1,23.8,0.41,2,0,3,4192
30.0,25.6,0.65,3,1,3,3818
35.0,7.3,0.57,4,1,0,8414
30.0,28.8,2.5,4,1,1,6650
42.8,5.9,2.83,4,0,0,7923
30.0,28.5,0.81,4,1,3,4573
32.0,29.8,0.48,3,0,2,4983
38.5,21.4,0.14,4,0,3,5045
42.9,29.4,3.68,2,1,2,4962
30.0,17.1,0.1,2,1,3,4305
30.0,7.8,0.42,2,0,1,5809
30.0,13.1,0.42,2,1,1,5384
30.0,17.8,0.46,2,1,2,4942
56.2,2.2,0.22,5,1,2,11338
37.4,18.7,1.83,2,1,2,5473
30.0,29.4,0.16,1,1,3,3473
43.6,5.7,1.21,3,1,0,10257
62.6,23.8,0.16,1,0,2,7100
45.1,27.2,0.1,2,1,3,5090
30.0,28.3,2.88,2,1,0,5575
30.0,28.8,0.25,2,0,4,2798
48.4,15.6,2.07,2,0,4,3464
30.0,29.3,0.94,3,0,0,5429
37.8,22.7,0.1,3,1,1,8662
41.8,4.9,3.73,2,0,2,5608
30.0,14.3,0.34,2,1,3,3585
32.5,21.5,2.36,2,1,2,4649
30.0,7.4,0.22,3,1,3,5047
30.0,19.2,2.31,1,1,3,3180
30.7,20.0,0.1,1,0,1,3394
30.0,4.9,0.86,3,1,3,5029
54.0,17.0,1.76,2,0,3,6488
30.0,23.1,3.28,2,0,2,3428
30.0,15.0,2.88,2,1,4,2496
34.4,0.4,2.06,4,1,3,5451
51.0,0.3,2.63,4,1,1,13794
30.0,10.7,0.27,3,1,2,6417
46.9,27.8,0.4,2,1,2,7840
33.2,6.9,0.41,3,0,0,7739
30.0,19.0,0.57,5,1,4,3963
38.0,6.7,0.6,5,1,1,10388
35.2,9.7,0.94,2,0,3,4025
30.0,25.4,0.21,4,1,2,6335
33.8,21.9,1.41,2,0,0,6813
30.0,2.9,0.22,2,1,4,3896
34.3,12.9,0.45,3,1,4,3579
40.4,0.9,0.84,2,1,2,7333
53.3,14.4,1.91,4,1,1,12782
30.0,19.9,1.61,1,1,1,5135
62.8,3.6,1.24,3,0,2,9215
30.0,8.7,0.2,4,1,1,10049
31.6,11.9,0.95,4,0,2,4742
39.5,27.6,0.11,2,1,4,3600
36.0,29.8,0.57,2,1,2,5703
30.0,1.3,0.64,3,1,4,4656
31.1,22.8,0.1,2,0,3,3227
30.0,11.2,0.38,5,1,2,6847
30.0,11.8,3.74,4,1,4,3633
42.7,22.6,3.69,2,0,2,4655
36.9,27.6,0.52,2,1,4,3561
30.0,28.5,0.1,1,0,1,4439
43.4,17.3,0.24,4,1,1,10919
36.3,10.7,0.6,2,0,4,3647
42.3,23.6,3.54,2,0,2,5233
40.0,7.5,0.18,2,0,4,3902
30.0,16.9,1.73,3,1,4,3409
30.0,10.8,0.14,1,1,0,6544
41.4,19.7,4.77,2,0,2,4446
39.8,7.2,0.58,4,1,2,8598
32.9,5.7,1.79,4,1,3,5438
34.3,27.5,0.5,3,0,3,4600
48.6,3.1,1.19,1,1,1,10007
30.0,15.2,0.26,2,1,2,4375
39.0,6.6,0.19,3,1,3,6393
31.2,1.2,3.34,2,1,1,5200
31.0,1.1,3.0,4,1,3,4702
46.0,5.3,2.62,3,0,3,5629
42.4,26.0,1.18,1,1,4,3868
42.3,8.5,1.98,4,0,2,6811
49.0,28.5,0.1,5,0,1,8342
33.3,17.4,0.49,1,0,2,3706
40.6,13.1,0.45,3,1,0,11484
30.2,17.4,1.21,2,0,4,1861
36.5,15.5,0.53,2,1,0,9356
31.8,22.8,0.19,2,1,3,4526
34.1,8.5,1.09,3,0,2,6057
39.6,10.6,2.02,5,1,2,8201
30.0,26.8,0.58,3,0,0,4767
62.0,28.4,0.17,1,1,3,7351
30.0,26.8,0.26,3,0,2,5058
30.0,12.6,0.33,2,1,1,6718
46.9,23.4,0.43,4,0,4,4590
42.0,14.3,1.24,2,1,2,6841
39.9,14.9,1.1,2,1,2,6143
40.0,6.1,1.43,2,1,2,6123
33.0,17.7,0.54,3,1,1,7921
30.0,5.6,2.08,2,1,4,2714
33.9,9.9,0.27,3,1,2,6055
30.0,25.7,0.76,2,1,0,5723
44.4,6.2,1.94,2,1,2,6080
31.7,2.1,0.24,2,1,3,4836
30.0,2.1,0.14,4,0,2,6359
30.1,28.2,2.58,4,0,3,3420
37.5,15.2,0.5,2,0,0,6094
30.0,12.3,1.38,2,0,1,5221
30.0,24.3,0.1,2,1,3,4724
35.6,25.1,1.41,3,1,0,7661
35.6,10.0,0.46,2,1,4,3755
30.0,20.8,0.1,4,0,0,7413
30.0,23.1,1.13,4,0,3,4565
35.5,19.6,0.33,2,1,2,5596
30.0,4.5,0.59,2,1,3,3789
30.0,26.3,0.1,4,1,1,7556
30.0,16.2,0.19,4,1,0,9322
31.1,8.5,0.42,1,1,1,5722
36.4,12.8,0.11,2,1,1,7087
51.6,1.1,2.9,2,0,2,7288
42.8,3.8,0.1,2,1,2,8226
31.6,23.0,0.79,2,0,2,3866
32.9,0.0,0.16,1,0,3,3723
30.0,12.5,0.44,3,0,3,3401
32.9,15.7,3.13,2,0,3,3419
30.4,1.6,0.21,1,0,2,4027
36.5,29.2,4.05,2,0,2,3584
30.0,6.8,0.28,4,0,2,5499
38.7,9.1,1.62,4,1,3,6353
52.4,9.1,0.95,2,0,1,9443
32.1,6.9,2.59,2,0,0,5976
37.4,0.0,0.97,5,0,3,5983
40.7,21.9,0.92,2,0,1,6825
30.0,29.0,0.26,2,1,4,3154
35.4,6.7,0.22,2,1,4,3870
33.2,19.9,2.98,2,1,0,6295
34.1,22.3,0.48,2,1,1,6456
30.0,25.5,0.56,4,0,2,5150
33.4,12.7,1.71,3,1,3,4663
38.5,9.1,0.5,2,1,1,7597
51.2,9.8,3.65,4,1,3,8642
44.2,21.4,1.61,1,1,2,6478
63.2,24.5,1.09,2,0,2,7388
30.0,5.4,2.55,3,0,0,6298
43.0,11.1,0.1,3,1,3,6976
35.0,27.1,0.36,1,1,1,6053
63.9,24.2,0.75,2,1,3,8224
30.0,29.5,0.31,3,1,2,5912
30.0,22.6,1.63,3,1,2,5249
30.0,11.8,3.02,3,0,4,2590
30.0,17.7,0.66,2,1,4,3486
30.0,19.8,0.5,1,1,2,4481
30.0,2.4,3.91,2,1,1,5194
34.6,16.3,0.71,2,0,3,4037
36.7,21.3,0.81,4,0,2,5968
58.1,5.0,0.52,2,0,1,10041
44.0,23.4,2.88,2,1,4,3636
30.0,17.5,1.01,3,0,1,4942
30.0,28.6,1.72,2,1,0,5366
38.4,1.3,2.0,2,1,0,7436
30.0,8.0,0.5,4,1,3,4846
57.4,18.0,0.68,4,1,3,9196
47.2,8.9,2.26,3,0,2,6874
30.0,21.4,0.54,1,0,2,3511
30.0,22.8,1.9,3,1,2,3812
49.7,3.1,3.4,3,0,3,6466
32.0,15.4,1.17,2,0,0,6538
48.0,15.3,1.62,2,0,4,4154
30.0,11.1,1.96,4,1,1,8218
30.0,28.0,2.24,1,1,4,2155
33.2,24.8,0.6,3,1,1,8272
33.6,20.9,0.1,2,0,3,3466
30.0,21.4,0.62,2,1,1,5897
39.9,13.9,1.34,1,1,0,6766
30.0,27.6,0.72,4,1,4,3668
31.7,20.8,1.66,2,1,4,3204
34.3,21.9,0.53,3,0,2,5103
38.6,25.9,1.21,3,0,3,4787
41.0,8.2,0.25,3,0,2,6813
30.0,24.2,1.66,5,0,4,3045
30.0,5.9,0.95,3,1,2,5466
48.6,10.4,0.27,2,1,2,9136
36.6,10.1,0.41,5,1,2,8015
30.0,29.4,1.66,3,1,2,5321
52.7,25.7,0.79,2,1,4,5825
34.3,21.0,0.29,2,0,1,4655
47.2,21.8,4.1,4,1,1,9718
33.8,16.9,1.51,2,0,2,5347
61.5,28.4,3.78,3,1,3,7147
56.1,14.9,0.67,2,1,1,11595
30.7,11.4,0.77,2,1,2,5762
44.3,4.9,2.74,3,1,4,4704
40.2,23.6,0.89,1,1,1,6710
49.9,22.0,1.47,2,1,3,5383
30.0,11.5,0.35,3,1,3,4835
40.7,0.8,0.71,2,1,2,7646
45.5,25.2,0.16,3,1,4,5493
30.0,0.3,0.28,4,0,3,5162
30.0,21.1,0.1,3,0,2,4314
30.0,29.1,0.1,1,1,2,4026
30.5,13.1,4.54,2,0,3,3231
41.1,7.0,0.33,3,0,2,6663
52.0,21.1,1.31,4,0,4,5324
33.9,24.5,2.19,4,1,2,5977
54.0,16.4,0.96,4,1,1,11612
30.0,29.0,0.2,2,0,1,5474
30.0,1.6,1.56,2,1,0,6604
32.6,15.1,1.1,2,0,0,5355
37.2,21.6,1.58,2,0,4,2868
32.8,25.9,1.76,1,1,3,2798
30.0,5.4,4.45,4,1,3,3866
32.2,24.0,1.02,2,1,3,3718
30.0,16.6,0.5,2,1,3,4378
40.5,11.9,1.25,1,1,2,5463
37.0,4.0,0.1,4,1,4,5768
30.0,26.0,2.73,3,1,2,5282
30.0,4.7,0.15,3,1,4,4190
30.0,9.3,0.48,4,0,3,4309
32.5,8.7,2.03,2,1,1,6201
44.1,26.1,1.09,3,0,2,5292
30.0,20.2,0.6,1,0,2,3573
38.5,23.9,0.77,2,1,1,6569
30.0,7.5,2.31,4,0,2,5183
30.0,18.7,0.5,3,1,2,6985
32.1,17.2,2.45,2,0,0,5668
30.0,25.0,0.11,2,1,4,2507
30.0,27.2,1.8,3,1,3,3858
30.0,0.4,2.26,1,1,4,2803
59.7,20.2,0.24,2,1,3,8083
33.5,1.6,0.68,2,1,2,5569
30.0,16.5,0.22,2,1,2,5253
35.3,8.6,1.47,4,1,3,5129
32.0,9.2,0.92,2,1,4,3141
31.0,10.6,1.21,2,1,1,6478
39.8,18.6,0.26,3,1,4,4250
41.6,10.0,0.29,4,1,4,6001
30.0,22.0,0.1,2,1,3,3536
30.0,12.1,0.47,1,0,4,2855
30.5,2.1,0.98,2,1,2,4954
30.0,23.5,2.34,3,0,4,2501
30.0,8.6,1.32,3,1,3,4720
49.9,13.0,0.69,4,0,0,11015
54.2,20.6,3.67,5,1,4,6204
30.7,10.0,1.52,3,1,2,5927
39.4,1.7,3.19,3,1,2,7313
36.4,11.2,0.9,2,1,2,6598
83.4,28.3,0.36,1,1,1,13124
46.3,19.3,0.1,5,1,2,10306
31.9,20.1,1.55,2,0,3,4142
30.0,19.0,0.16,2,1,0,7579
30.0,6.0,0.43,3,1,1,6406
35.2,12.6,0.91,2,0,0,6746
30.0,22.5,1.0,3,1,2,5104
30.0,3.0,1.1,3,0,3,3917
30.0,8.3,0.22,2,1,3,3842
30.0,8.3,0.57,4,0,4,3283
54.9,13.0,1.15,2,1,3,8608
43.1,29.4,4.2,2,0,1,5449
33.0,2.0,1.56,3,0,4,2490
51.6,15.6,3.07,3,1,3,7473
33.9,5.4,1.72,3,1,2,6919
30.0,29.1,1.07,2,1,3,3579
52.3,3.4,0.26,3,0,4,5970
38.9,12.1,1.32,2,1,3,4742
30.0,22.1,1.17,4,1,2,5506
31.3,21.1,1.11,2,1,3,4645
30.0,12.7,0.81,3,1,0,7479
30.0,10.4,0.9,1,1,2,3659
43.7,11.9,0.49,2,0,2,6187
58.7,7.9,0.88,2,1,1,11627
30.0,6.2,0.26,4,0,0,8459
39.2,14.5,1.96,3,1,1,7991
30.0,8.1,0.25,4,1,3,5163
30.0,8.6,0.11,2,1,3,4862
30.0,19.7,0.69,2,1,4,3156
30.0,29.1,1.29,2,0,2,3453
33.6,18.1,0.69,4,0,2,6319
30.0,2.3,0.39,2,1,4,3547
35.9,2.3,0.98,4,1,1,9162
32.6,28.5,0.51,4,1,3,5238
30.8,8.9,3.24,4,0,3,3389
30.0,2.8,3.07,3,0,0,5523
30.0,18.0,0.84,3,0,4,2901
41.5,18.7,0.48,3,1,3,6135
38.5,19.5,1.6,2,1,0,9099
30.0,8.0,0.1,3,1,0,8391
34.1,0.5,0.77,1,1,0,8014
41.5,29.0,0.49,2,1,2,6462
30.0,7.5,3.04,2,1,2,4974
39.0,20.3,0.1,2,1,2,6790
30.0,21.2,0.97,2,0,1,4713
39.3,18.3,1.62,2,0,4,3217
30.0,9.4,0.8,3,1,2,5193
30.0,8.1,0.11,1,1,0,6837
30.0,17.9,4.31,3,1,2,4312
33.6,26.0,0.88,2,0,2,4136
35.8,28.4,1.14,3,0,2,5569
30.0,3.2,0.32,3,0,1,5252
40.1,4.6,0.79,3,0,1,7373
30.0,28.3,0.67,3,1,3,4699
32.5,22.1,0.1,2,1,4,3549
30.0,26.5,0.13,3,1,2,5407
30.0,6.1,2.18,2,1,2,4923
33.6,17.6,0.33,2,0,3,3925
30.0,21.0,0.26,3,1,3,3861
30.0,20.4,0.84,1,1,2,4128
44.8,12.2,1.76,3,1,4,5826
30.0,0.5,0.1,3,0,2,4873
42.6,17.5,1.03,2,1,2,6618
30.0,7.6,0.15,1,0,3,3078
38.8,13.5,0.1,1,1,4,3766
51.0,28.7,0.1,4,1,3,7667
30.0,12.0,2.16,3,1,0,7439
30.0,25.2,0.15,2,0,2,4166
39.4,5.7,0.1,2,1,2,7683
31.2,20.2,0.69,3,0,2,4218
37.0,29.3,2.23,4,1,3,5034
30.0,3.1,0.37,1,1,3,3859
34.0,0.2,0.66,2,0,3,4381
31.6,13.0,0.1,4,1,4,3991
47.0,2.8,0.72,1,1,1,9465
35.7,22.5,1.03,2,0,4,3328
36.6,27.4,1.02,5,1,3,5551
30.0,13.0,0.48,3,0,2,4545
30.0,7.8,0.45,2,1,3,4103
30.0,13.0,0.14,1,1,1,6931
37.3,21.7,0.55,1,1,3,4185
30.0,0.3,0.13,2,0,2,5459
36.1,17.7,1.75,4,1,1,7074
61.7,18.4,4.07,2,0,3,4883
43.0,19.1,4.21,3,0,3,3912
30.0,7.3,2.4,4,1,1,6269
47.5,21.4,1.1,2,1,0,9832
30.0,2.7,1.45,2,1,2,4756
30.0,6.0,0.4,3,1,2,5491
30.0,26.3,1.2,4,1,4,4000
30.0,22.2,0.73,4,0,4,3532
30.0,0.4,0.79,1,0,2,4352
33.3,7.5,1.7,3,0,3,4359
54.8,6.4,0.4,3,0,2,9019
36.5,8.1,0.46,4,0,3,5111
31.0,7.4,3.1,2,1,1,4950
42.5,1.9,0.1,3,0,2,7539
30.0,13.8,0.8,4,0,3,3724
35.5,22.0,2.93,2,1,0,6080
41.7,18.2,1.13,2,0,3,5050
30.0,20.2,0.95,1,1,3,4144
46.7,2.4,0.34,2,0,2,7304
36.7,28.5,0.5,2,0,2,5304
30.0,25.2,2.29,4,0,4,2736
40.0,24.2,0.98,2,1,3,4413
65.4,24.7,0.87,2,0,1,10504
35.0,28.0,0.13,3,1,2,6618
35.7,16.3,0.1,2,1,3,5044
30.0,6.0,3.98,2,0,2,3448
30.0,18.5,0.57,3,1,1,7178
42.5,22.3,1.11,4,0,2,6116
30.0,22.1,0.1,3,1,4,3276
33.8,15.6,1.38,3,1,3,4435
30.0,2.1,3.24,2,0,4,2441
38.2,11.1,1.03,4,1,3,5721
36.6,27.6,0.16,2,1,4,3480
45.2,17.5,1.05,3,0,1,7394
30.0,16.1,1.74,2,1,3,3731
30.5,8.1,0.63,4,0,0,6343
30.0,11.1,2.54,3,1,3,4205
30.0,26.9,1.26,3,1,2,5704
37.1,20.0,2.75,2,1,2,5351
41.6,23.6,1.17,2,1,4,4701
30.0,13.6,0.17,3,1,4,4200
43.0,18.9,0.44,3,1,0,11630
49.7,7.5,0.27,2,1,3,7236
37.5,21.2,2.87,5,1,2,7094
58.2,12.8,1.71,4,1,2,12044
30.0,13.3,1.35,2,1,3,3831
30.0,19.5,0.43,4,1,2,4977
30.0,28.1,0.24,3,0,4,2976
51.9,1.9,1.69,2,0,1,7537
40.3,24.7,0.77,2,0,3,3897
32.6,8.8,0.31,3,1,3,5257
36.0,13.3,1.15,3,0,1,6420
30.0,0.7,0.1,2,0,2,4013
69.0,9.0,0.47,3,0,3,9110
34.4,15.1,0.76,3,1,3,5731
34.2,1.7,0.19,3,0,2,5205
41.2,14.7,5.0,1,0,2,4239
38.3,27.8,0.28,4,0,0,7176
35.4,3.2,0.17,2,1,1,9291
30.0,22.9,0.27,2,1,2,4728
38.1,12.3,1.76,2,1,0,8359
58.2,19.7,0.67,2,1,3,6207
49.6,7.8,1.0,4,0,3,6977
53.4,4.8,0.1,2,1,4,6268
30.0,4.8,0.1,3,1,3,4967
30.0,2.1,0.71,1,1,4,2853
31.9,5.6,2.04,2,1,2,4672
33.7,19.9,2.6,5,1,3,5955
46.0,26.5,0.11,3,0,4,4392
30.0,24.4,0.93,2,1,3,4441
52.4,20.6,2.93,3,1,0,10482
31.6,3.3,0.59,2,1,3,4425
30.0,8.7,2.12,2,1,4,3273
30.0,9.3,0.17,3,1,3,4084
30.0,7.5,3.29,3,0,2,3612
42.4,15.5,1.67,2,0,3,5009
33.9,16.1,3.4,4,0,4,2718
30.0,10.7,1.35,3,0,0,5123
30.0,10.6,0.54,2,1,3,5041
30.0,24.9,3.34,3,0,1,3790
54.6,23.7,0.39,3,0,3,6772
30.6,9.2,0.48,3,0,3,4101
30.0,27.4,1.45,2,1,1,3805
30.8,28.6,1.74,3,0,1,4785
30.5,9.8,3.18,2,0,3,3189
30.0,10.6,0.27,4,0,1,6618
32.6,15.2,1.92,3,1,1,7254
30.9,28.2,1.61,2,0,3,2977
40.8,26.3,0.1,3,0,2,6572
57.7,3.1,0.59,4,0,2,9708
46.4,11.8,0.4,4,1,4,5361
30.5,16.6,0.44,2,0,1,4413
30.0,15.1,4.89,2,1,2,3219
71.7,5.8,1.24,3,1,3,11928
33.7,25.8,1.52,2,1,3,3503
33.3,20.3,4.51,4,0,4,2799
32.9,25.1,0.57,2,1,4,3243
35.1,25.8,1.94,2,1,3,4143
31.7,22.5,0.68,2,0,1,5703
30.0,13.2,2.44,2,0,0,4940
30.0,18.3,0.24,3,1,2,6000
32.8,4.8,3.54,2,0,1,4751
30.0,20.2,0.3,2,0,3,3357
30.0,5.4,0.47,2,1,3,5391
34.2,20.8,1.69,3,1,0,6774
30.7,6.9,0.6,2,1,3,4980
52.0,3.5,1.12,3,1,1,12485
30.0,5.0,0.71,3,1,2,5623
45.9,0.1,1.63,3,0,3,6878
48.1,21.6,0.31,4,0,2,6573
30.0,22.0,0.1,4,1,2,5841
30.0,15.4,0.43,4,1,0,7515
30.0,4.8,0.77,2,1,2,5495
30.0,2.5,0.22,2,1,3,4011
30.0,0.6,0.53,2,1,4,3633
30.0,5.0,0.61,4,0,2,5358
56.0,26.7,0.1,5,0,2,9558
43.8,7.2,1.05,4,1,3,7767
48.5,10.6,2.59,2,0,4,3763
41.1,3.2,0.2,4,1,1,9712
30.0,6.7,1.09,2,0,2,5470
30.0,15.6,1.31,1,1,3,3323
38.4,18.2,0.65,2,1,3,4008
30.0,7.4,1.45,1,0,1,3988
41.0,1.7,0.63,3,1,3,5848
30.8,11.7,0.84,2,0,1,5548
30.0,7.0,0.1,2,1,2,5602
41.0,6.6,1.41,3,1,2,7915
37.8,28.8,1.3,4,1,4,4244
30.0,18.5,0.1,3,1,2,5535
46.9,16.7,0.55,2,0,1,7363
30.0,12.5,4.64,4,1,1,5625
39.8,12.9,0.66,4,0,4,4755
39.6,16.2,0.84,2,0,1,6605
30.2,20.9,2.89,3,0,2,4153
36.5,21.1,1.52,2,1,1,6955
30.0,5.2,1.05,1,0,3,3402
43.7,15.0,1.92,3,1,2,7720
31.3,12.4,2.4,4,1,2,6094
30.0,26.1,0.73,2,1,2,5273
45.4,18.9,0.77,4,1,4,5359
30.0,16.0,0.59,4,1,2,5663
30.0,3.5,4.08,4,0,3,3153
30.0,18.2,1.43,2,1,4,3060
39.7,3.5,0.1,4,1,4,4638
30.0,10.1,2.38,2,0,2,4045
56.1,4.3,0.79,3,1,4,6822
30.0,20.8,0.1,1,1,0,6771
55.1,6.2,0.96,1,1,2,7728
35.3,11.8,0.65,3,0,4,3483
32.2,26.9,2.52,2,1,1,5900
30.0,6.1,0.27,2,1,1,7262
37.3,15.2,2.1,2,1,2,5308
32.7,12.6,0.98,3,0,3,4223
46.1,0.5,0.1,1,0,2,6476
34.3,23.8,4.28,4,0,3,3733
34.6,2.1,0.86,1,1,4,3360
30.0,14.2,0.41,2,1,3,4736
32.6,16.8,0.76,2,1,1,5147
36.3,18.9,2.34,2,1,4,3262
30.0,20.7,0.44,2,1,1,6108
30.0,7.6,0.26,2,1,1,6628
41.4,0.3,0.17,5,1,0,15971
34.9,21.7,0.42,3,0,2,5933
31.3,16.1,1.82,1,1,1,4942
33.3,25.1,0.77,2,0,1,5832
36.8,24.6,0.31,4,1,2,6794
30.0,25.3,0.22,2,1,1,6305
30.0,14.6,0.49,1,1,3,4360
35.1,10.0,3.37,3,1,3,5181
30.0,23.7,0.5,3,1,3,4466
37.4,13.5,5.0,3,1,1,5962
30.0,5.5,0.8,1,0,1,3876
45.1,25.6,0.24,2,0,4,3960
38.2,26.5,2.66,3,1,0,7117
35.8,14.0,0.74,2,0,4,2922
44.5,2.3,1.48,3,0,1,7275
54.6,11.6,4.94,3,0,4,3864
44.9,24.1,0.1,2,0,2,6094
30.0,27.1,0.12,4,1,2,6143
30.0,6.1,1.53,4,1,3,4738
30.0,2.0,0.4,3,1,2,6758
33.4,26.3,0.24,1,1,2,4658
38.7,11.7,0.1,2,1,2,6256
30.0,16.3,0.1,2,1,3,4324
35.0,29.0,1.79,2,0,0,6870
30.0,2.0,0.17,5,0,0,8768
30.0,19.4,0.76,2,0,2,3924
30.0,2.2,1.12,2,0,1,4370
30.0,11.3,0.67,2,0,3,3424
30.0,24.1,0.1,3,1,1,6674
30.0,13.0,1.84,2,1,2,4551
45.4,29.9,0.1,2,1,1,7065
30.0,16.8,1.72,2,0,2,3563
72.9,9.6,2.69,4,1,1,17963
38.4,6.6,0.68,1,0,0,7694
35.0,10.5,0.92,4,1,0,9034
30.0,11.2,0.78,4,1,4,4267
40.9,2.1,0.59,2,0,1,6357
30.0,11.1,2.62,3,1,3,4729
34.4,13.9,2.69,1,1,0,6285
71.4,21.7,0.49,5,1,1,19785
32.2,19.7,1.15,3,1,2,4717
46.7,21.3,3.14,2,0,2,5692
30.0,0.3,3.93,2,1,4,2787
32.8,6.5,0.85,1,1,4,3468
56.3,19.9,0.72,5,1,3,10843
30.0,14.5,0.39,1,0,3,3114
57.0,0.2,3.83,3,1,2,8651
40.9,24.1,0.18,2,0,2,5993
30.0,23.2,1.04,4,0,4,3052
40.0,16.5,0.4,2,1,3,5024
44.3,2.0,0.39,3,0,2,6767
39.9,23.0,0.62,2,0,1,5358
30.0,17.5,5.0,3,1,0,5322
30.0,23.5,0.1,1,1,4,3103
30.7,22.6,1.04,2,0,2,4103
32.4,24.1,0.1,2,0,2,4208
39.9,15.5,0.2,3,1,1,9707
34.9,4.2,0.69,2,1,3,4630
30.0,20.1,0.86,3,0,0,6192
37.1,18.6,0.36,2,0,3,4144
39.8,22.3,0.46,4,0,1,8429
39.2,5.1,0.11,4,1,4,4692
45.8,5.8,0.43,3,0,3,5632
42.5,26.7,4.08,2,1,1,5225
38.0,22.5,3.47,2,1,2,4941
32.4,27.2,0.49,1,0,2,4237
30.0,22.8,1.02,2,0,1,4416
37.7,17.9,2.88,3,1,4,3621
35.2,19.6,0.1,3,1,2,7203
35.9,26.7,2.0,4,0,2,5883
30.0,17.4,3.56,2,1,1,4822
30.0,19.0,0.11,3,0,2,5052
45.4,4.7,0.21,2,0,4,3872
32.7,14.2,3.89,3,1,2,5650
40.6,21.5,0.93,2,0,4,4145
33.4,8.1,0.1,2,0,4,3345
33.4,6.1,0.36,2,0,1,4656
43.9,9.4,0.72,3,0,1,7774
30.0,7.2,1.42,4,0,4,3471
34.1,6.4,1.59,2,1,2,5405
30.0,12.7,5.0,1,1,0,5145
30.0,27.2,0.41,2,0,1,4978
30.2,15.2,0.93,3,1,2,5162
35.4,5.6,0.91,2,1,3,5029
30.0,2.3,0.62,3,0,1,5394
48.3,20.9,0.22,5,0,1,10353
30.0,11.5,4.55,4,1,4,2919
31.3,24.7,2.3,2,0,3,3422
30.0,19.8,0.83,4,0,2,6035
51.1,23.9,1.11,3,1,3,6133
35.1,8.2,0.31,2,0,2,4188
45.1,20.8,0.94,3,1,3,6362
30.0,7.9,1.42,4,1,2,5210
35.9,28.2,0.87,2,1,1,6535
43.2,19.1,5.0,2,1,3,4595
33.9,9.7,1.13,2,1,2,6530
45.6,8.1,0.56,3,0,4,4772
30.0,5.7,1.77,2,0,2,4036
50.5,20.8,0.22,4,1,4,5226
66.0,6.6,0.58,3,0,4,6744
30.0,17.9,0.51,3,1,1,6640
30.0,7.9,0.68,1,1,3,4021
51.2,19.9,1.83,3,0,2,6638
53.2,24.4,0.79,2,1,4,5040
30.0,23.3,1.9,1,1,2,3359
30.0,22.8,1.03,3,0,3,2765
30.4,5.6,0.5,2,1,2,4815
30.0,2.7,1.99,3,0,1,4581
30.0,21.0,0.33,1,1,1,5371
30.0,11.1,0.3,2,1,2,4980
30.0,13.0,0.84,2,1,3,3899
32.8,0.9,0.36,5,1,3,5971
35.5,7.8,0.1,3,1,3,3940
52.7,1.0,1.25,3,1,1,13732
30.0,26.4,0.86,2,0,2,3503
44.5,7.3,0.71,1,0,0,7407
31.1,16.7,4.09,5,1,3,3868
32.6,1.2,1.02,2,1,4,4016
40.5,20.0,2.39,2,1,2,5987
30.0,9.7,0.18,3,0,0,6195
37.1,26.9,1.01,1,0,1,4759
34.8,26.6,2.43,4,1,3,5745
38.4,9.8,1.05,3,0,3,4861
36.1,27.0,1.52,2,1,3,4304
69.2,29.9,0.56,1,1,1,9919
30.0,24.8,0.12,2,1,3,3266
30.0,25.3,0.73,4,1,3,4690
30.0,7.5,0.6,3,1,2,6057
30.0,17.3,2.42,2,1,2,4943
30.0,2.0,0.34,1,0,1,3710
47.3,2.8,4.08,3,1,2,6601
50.7,30.0,3.81,3,1,4,4197
30.0,9.8,0.34,2,1,2,5274
30.0,22.4,0.51,2,1,3,3931
38.1,24.2,2.71,2,1,2,5251
30.0,25.7,4.08,3,1,1,5186
40.0,29.9,0.7,5,1,2,7499
35.2,7.2,0.46,2,1,2,6786
30.0,1.2,0.9,3,1,2,6209
52.7,12.3,1.4,2,1,1,9672
56.8,3.9,0.38,2,0,2,9754
30.0,0.7,1.6,2,0,0,6728
30.0,10.8,0.1,4,1,0,9764
36.1,23.5,0.1,2,1,2,4152
36.6,17.0,0.59,3,1,2,7853
40.3,9.4,0.52,2,1,4,4801
60.5,19.6,0.46,2,1,2,11804
31.4,7.0,0.81,1,1,3,4430
30.0,0.4,0.46,3,1,2,7097
30.0,22.9,0.26,2,0,3,3661
30.0,18.7,0.44,3,1,1,7477
32.8,22.9,4.42,2,1,4,3118
56.7,1.2,0.64,2,1,2,10294
30.0,25.1,0.71,2,0,3,2728
35.4,18.6,1.03,2,0,2,4589
33.0,16.9,4.91,2,1,1,5015
47.3,18.7,0.33,2,0,3,5388
70.7,25.9,1.37,3,1,0,13864
30.0,17.6,1.51,3,0,2,3667
30.0,17.4,1.12,2,0,1,4408
45.3,29.7,0.11,2,1,3,6328
40.6,22.7,1.36,2,0,4,3822
57.6,13.3,0.1,2,1,2,10820
39.5,21.2,1.09,1,1,3,4962
30.0,11.7,1.61,4,1,2,5904
39.5,6.9,0.28,2,0,2,4845
46.2,17.9,2.21,2,1,4,4165
42.4,27.8,0.1,2,1,4,4205
38.6,27.9,2.23,2,0,3,3519
45.6,10.3,0.74,3,1,1,10254
47.0,15.8,0.29,1,1,2,7336
50.1,6.3,0.17,2,1,1,11477
40.2,29.9,3.68,3,1,2,5492
31.5,29.4,0.1,2,1,2,4074
34.6,19.5,0.27,3,1,3,5023
47.6,24.1,0.51,3,0,4,4497
30.0,21.5,1.16,2,0,2,4410
37.0,17.8,0.94,3,1,0,8586
30.0,1.6,0.16,2,1,4,3720
33.4,13.6,0.41,3,1,1,7758
48.6,20.2,0.33,2,0,3,5470
35.1,20.3,0.29,2,1,0,8682
33.6,11.2,0.64,3,1,2,5988
30.0,28.3,1.46,4,0,4,2739
41.4,5.0,0.29,5,1,1,11812
40.2,15.0,0.55,3,1,2,7044
63.4,20.7,0.59,2,0,2,8869
30.2,20.9,4.5,2,0,4,1865
35.4,19.5,3.71,2,1,4,3076
35.7,8.3,1.93,2,0,1,5576
53.2,4.7,0.33,2,1,0,13181
32.2,19.1,0.1,4,0,3,4364
36.0,18.0,0.46,2,1,2,5792
39.7,5.4,0.37,2,0,3,4883
35.0,21.2,0.85,2,0,0,6495
30.0,13.7,1.8,4,0,1,5728
35.1,20.0,2.35,3,0,3,4577
45.7,25.1,2.24,3,1,1,7728
30.0,5.1,0.53,2,1,4,3380
34.5,0.6,1.39,4,1,0,8411
30.0,23.4,0.45,1,0,1,4399
47.4,18.3,0.1,4,0,4,4630
30.0,21.0,1.45,3,1,2,5036
30.0,25.1,0.1,2,0,3,3228
37.1,24.1,0.63,2,0,1,5976
53.0,28.8,0.48,3,0,3,5886
32.5,16.1,1.42,1,0,3,2931
30.0,14.7,1.74,4,1,2,6644
58.2,12.1,0.44,2,1,3,8315
30.0,4.6,2.0,2,1,3,3780
30.0,17.2,0.42,2,1,2,4922
37.8,8.3,0.71,2,0,2,6328
30.0,27.6,1.56,2,0,2,3614
30.0,17.5,1.42,2,0,1,4351
41.0,17.8,5.0,3,0,2,4322
35.6,10.6,0.31,2,1,2,5886
30.0,1.6,1.3,5,1,2,6578
30.0,1.0,1.13,3,1,3,4192
43.0,12.7,2.96,4,1,2,6840
40.2,2.5,0.2,2,1,4,4294
32.1,18.2,1.67,2,1,1,6230
57.6,26.4,1.01,2,1,2,8399
30.0,26.5,0.39,3,1,3,4290
30.0,19.8,0.77,4,0,2,5633
30.0,6.3,0.49,1,1,2,5321
32.7,25.9,1.04,1,1,0,5903
35.6,26.6,2.64,4,1,2,5684
30.8,5.9,1.01,2,0,1,4777
36.8,22.1,1.2,3,1,4,4345
30.0,8.6,0.88,3,1,2,5619
51.1,24.1,0.1,4,0,4,5214
32.3,29.9,0.32,2,1,3,3818
46.3,0.9,0.81,2,0,2,6310
36.7,26.9,0.45,3,1,2,6690
38.0,18.7,0.24,4,1,3,5572
39.3,29.2,0.84,2,1,4,4189
37.9,14.0,0.47,2,0,1,5999
40.2,25.4,0.36,3,1,2,7068
49.3,1.9,0.75,4,1,2,9292
35.1,10.1,0.17,4,1,0,10408
41.0,2.0,3.15,5,1,2,8106
32.2,29.3,2.43,1,1,4,2500
51.0,24.5,1.48,2,0,2,7290
30.0,25.6,0.13,3,0,3,3790
56.8,28.1,1.79,4,1,3,7532
32.7,2.6,1.98,2,1,2,5009
30.0,11.6,1.75,2,0,1,5005
34.4,2.1,0.15,3,1,3,6547
30.0,6.3,1.24,1,1,4,2947
42.6,6.9,2.16,2,1,3,5902
30.0,14.1,1.03,3,0,0,6655
30.0,8.1,1.25,3,0,1,6325
30.0,3.0,0.74,3,0,0,5446
30.0,5.0,0.9,2,1,2,5580
30.0,4.4,0.1,3,1,3,5514
30.0,29.2,1.22,3,0,1,4276
41.6,22.8,0.1,3,1,3,5706
41.9,29.0,0.69,3,0,2,5480
37.6,13.2,0.42,2,0,3,4070
30.0,8.4,0.95,1,1,4,2748
32.6,23.9,0.17,2,0,0,6235
33.1,9.8,1.41,2,1,4,3764
30.0,9.0,1.9,3,0,1,5863
52.0,7.0,0.21,4,1,2,10392
43.1,3.9,0.13,3,1,4,5096
31.0,7.7,0.19,3,0,4,3719
33.4,10.7,2.52,2,0,2,4518
35.3,20.2,0.9,2,1,2,5696
30.0,1.9,0.76,2,1,3,4595
30.7,6.3,0.14,2,1,3,4543
30.0,24.3,1.26,1,1,1,5076
30.0,4.4,2.43,3,1,3,4202
30.4,10.3,2.11,5,1,2,6616
56.8,25.9,1.18,2,1,2,7253
40.1,4.6,0.1,1,1,2,6016
30.0,2.5,0.14,3,1,2,5763
39.3,14.5,0.1,2,1,4,4163
50.4,9.1,0.36,4,1,2,9795
43.7,16.9,0.17,3,0,4,4146
33.7,24.1,0.36,4,1,1,6743
30.0,4.1,0.58,2,0,3,3853
40.8,17.4,3.44,3,0,3,4231
37.3,15.2,1.13,2,0,3,3420
43.3,4.3,2.16,3,0,3,4841
40.1,18.7,1.49,2,0,2,5364
45.4,8.2,0.14,2,1,4,4850
30.0,14.6,1.6,3,1,3,4045
49.2,2.5,0.39,3,0,1,9645
35.1,13.8,1.22,4,1,3,5958
61.7,9.2,0.5,3,0,2,8413
30.0,24.7,5.0,3,1,1,4927
55.7,1.7,0.37,2,0,4,4897
35.1,12.6,0.39,3,1,2,6738
30.0,13.8,3.2,3,1,3,3914
30.0,21.8,0.1,4,1,1,6908
30.1,17.2,1.43,4,0,0,5976
37.6,20.0,1.55,1,0,2,4146
38.7,23.3,2.17,4,1,1,9506
30.0,25.9,4.4,1,0,3,1921
32.9,9.4,4.46,2,1,1,6074
63.0,16.1,0.1,3,1,2,11545
55.6,25.2,2.07,2,1,0,10878
37.7,29.7,1.25,3,1,1,6582
33.5,26.7,1.25,1,1,3,3387
34.3,11.1,0.16,2,1,1,6778
39.8,5.9,1.26,3,0,3,4576
30.0,14.7,4.85,3,0,4,2194
30.7,22.2,2.91,4,1,3,4135
30.0,14.8,0.69,3,1,3,5442
37.3,14.5,0.1,3,1,1,7525
40.2,25.1,0.54,2,1,1,7622
30.0,10.8,2.1,1,1,4,2716
53.1,25.8,1.45,2,1,3,5759
30.0,12.2,0.74,3,0,3,4135
30.0,9.8,0.1,3,0,3,3905
35.4,13.6,0.67,2,1,2,4480
45.3,22.9,0.76,3,1,0,11630
54.9,3.8,3.17,3,1,3,6635
30.0,5.9,1.23,1,0,3,2757
45.8,28.5,0.45,2,1,2,7629
32.7,5.3,0.89,4,1,4,4305
31.4,17.0,0.1,3,0,2,5469
43.2,17.4,4.32,4,1,1,9055
40.3,14.7,0.54,2,1,4,4035
30.0,19.3,0.78,5,1,3,5804
51.6,6.9,0.53,2,1,2,8304
50.1,16.6,1.38,1,1,1,10079
30.0,11.2,1.3,5,1,1,7321
37.3,19.9,1.51,2,1,3,5198
38.4,4.2,0.37,3,1,2,8346
35.8,17.1,0.46,2,0,3,4215
30.0,5.6,0.16,3,1,4,3609
30.0,8.4,1.28,4,1,3,4984
32.9,6.6,0.1,2,0,2,3890
47.1,5.5,1.09,3,0,3,6227
39.0,24.8,2.45,2,0,2,4751
30.0,8.6,2.66,3,1,1,6135
41.7,27.8,0.72,2,1,0,6182
30.0,29.1,0.74,2,0,2,3371
46.7,17.1,0.1,2,0,4,3890
30.0,4.3,1.33,2,1,1,6221
30.0,11.2,2.07,4,0,1,5873
30.0,23.9,0.34,2,1,4,3056
30.0,11.0,0.66,2,0,0,6218
46.9,2.6,2.19,2,0,3,4623
30.0,16.7,2.52,2,0,2,3926
36.7,25.4,0.33,3,0,0,7846
32.7,23.9,0.96,5,0,4,3791
38.2,5.3,0.26,2,1,1,7980
33.9,20.2,0.13,4,1,2,8284
30.0,6.6,2.9,3,1,1,6311
44.7,6.5,2.06,2,1,0,8767
30.0,26.2,1.71,3,0,0,5761
30.0,7.5,0.1,3,1,1,7675
30.0,7.9,2.23,3,1,0,6789
51.9,0.0,0.69,4,1,3,10359
42.7,26.1,0.5,2,0,2,5840
30.0,23.8,0.95,4,1,2,4443
30.0,18.8,0.11,3,1,2,5849
30.1,22.5,1.7,2,1,4,2775
61.7,4.6,1.05,3,0,4,6533
37.1,13.7,0.25,2,1,3,5731
37.7,10.5,0.25,5,0,4,4805
45.1,2.8,0.24,3,1,2,10657
35.6,14.6,0.1,1,1,2,5354
30.6,27.6,1.06,2,0,3,3387
31.2,1.2,2.2,3,1,3,5041
32.4,8.7,0.1,1,1,2,5083
32.7,6.2,0.1,1,1,2,5663
41.2,7.1,1.02,2,1,4,4192
33.6,27.3,2.05,2,1,3,3781
41.3,14.0,0.47,2,1,2,6070
32.3,14.0,0.52,2,1,3,4604
33.9,22.8,1.09,2,1,1,6466
30.0,4.6,0.38,3,0,1,6638
43.6,14.6,0.1,3,0,2,7534
36.7,12.9,1.59,2,1,2,5699
44.7,17.9,1.18,2,1,0,8526
30.0,30.0,1.04,3,1,3,4306
62.0,23.1,1.62,1,1,2,9029
31.8,11.9,1.35,2,1,2,5584
46.2,24.8,0.28,1,1,0,9934
30.0,5.1,0.52,4,1,1,7615
39.8,0.9,0.16,3,1,4,4978
30.0,6.1,0.17,3,1,3,4592
30.0,10.2,1.35,3,0,4,2914
58.8,15.3,2.35,3,1,4,6130
31.3,18.5,3.95,2,0,2,3524
35.3,27.3,1.19,3,0,1,5797
43.0,15.3,0.24,1,1,4,4067
38.4,15.0,0.13,3,1,4,4330
34.6,1.5,2.01,3,1,3,5714
36.9,1.0,1.04,3,1,3,5969
68.1,16.5,1.16,2,1,3,8631
32.5,13.1,1.82,2,0,2,3954
35.2,25.2,1.46,3,1,2,5122
45.4,4.8,2.16,3,1,3,7483
46.1,0.7,0.1,4,0,3,7556
47.3,13.5,1.65,2,0,0,7089
40.1,7.1,2.28,3,1,2,7566
30.0,1.5,0.4,3,0,1,6582
54.1,21.7,1.23,4,1,1,12252
30.0,3.3,0.45,3,1,4,4461
36.3,18.2,3.8,3,1,0,7528
30.0,8.4,0.1,3,1,1,6096
32.5,5.2,1.04,3,0,2,5398
36.5,11.4,0.22,5,1,3,7213
36.5,24.0,1.49,1,1,2,4581
37.6,11.8,0.23,1,1,1,7241
53.7,22.5,0.32,4,1,1,10537
37.9,3.8,0.82,3,1,1,9647
30.8,23.2,2.96,3,1,2,4337
44.2,7.1,0.29,2,0,1,6961
47.3,20.3,0.19,1,1,4,4365
30.0,17.0,1.71,3,1,2,5437
39.6,27.9,0.83,3,1,0,9409
40.9,11.6,2.91,2,1,3,4551
30.3,2.0,0.19,2,1,2,5310
50.0,0.6,1.25,4,0,3,6420
31.7,24.8,0.32,1,0,1,4368
34.4,15.7,0.2,4,1,2,8026
31.4,23.3,1.38,2,1,3,3944
33.3,7.0,1.08,3,0,4,3641
30.0,10.4,1.69,4,1,1,8077
30.0,0.9,0.44,3,1,2,5762
53.4,28.8,0.71,2,1,2,7996
30.0,20.0,0.62,3,0,4,3534
30.0,28.0,4.97,2,1,4,2537
30.0,8.0,0.41,2,0,0,5019
30.0,18.3,0.42,5,0,1,6907
30.0,20.4,0.53,3,1,2,5498
54.2,9.5,1.0,3,0,1,10748
44.8,25.4,0.35,2,0,2,5525
30.0,28.4,2.96,1,1,1,3862
65.1,26.5,0.37,1,1,3,6875
44.5,22.2,2.71,3,1,4,4176
30.0,8.3,0.13,3,1,4,4137
30.0,8.4,1.28,3,1,2,4939
65.8,28.9,2.85,4,1,2,10029
30.0,0.3,0.22,1,1,4,2578
30.0,21.5,4.14,2,0,1,4178
45.0,21.2,0.72,2,1,3,6644
68.8,18.7,3.5,2,1,2,8886
50.2,29.7,1.36,1,1,1,7441
39.2,9.4,0.43,5,1,2,9620
39.6,10.2,0.25,2,1,0,10860
42.8,2.4,0.43,4,1,3,8082
41.6,13.3,0.12,2,1,1,7936
36.0,7.8,0.19,5,0,2,6050
34.2,10.3,0.13,3,0,1,5904
32.5,25.0,0.66,4,1,4,4064
30.0,28.1,1.91,1,0,2,2986
30.4,5.6,0.18,3,0,2,5232
30.0,11.2,0.17,4,1,2,6151
32.2,27.9,1.24,2,0,2,3609
30.0,1.9,0.26,1,0,1,4244
30.0,2.8,0.12,2,1,3,5241
35.0,4.9,0.22,4,1,1,10026
50.3,17.9,3.09,3,1,1,10855
43.6,4.5,2.07,3,1,3,6761
30.0,29.0,0.52,2,0,1,4421
30.0,13.4,1.28,1,1,2,4901
43.9,15.0,0.92,4,0,2,7350
30.0,7.4,1.36,1,0,2,3787
31.0,14.1,1.38,3,0,3,3783
39.1,19.9,1.19,4,0,3,3639
30.0,22.5,0.37,2,1,3,4665
34.2,22.6,0.1,3,1,3,5428
30.0,17.3,0.73,1,0,1,4456
30.0,27.1,2.66,3,1,2,4597
36.4,24.5,1.01,2,1,2,5752
30.0,22.7,2.14,3,0,2,3846
37.8,1.7,5.0,2,0,4,2828
32.9,0.2,0.21,2,1,3,4349
39.1,6.4,1.41,3,0,1,7298
35.4,19.9,1.35,2,0,0,6640
49.9,12.3,4.69,3,1,0,9505
34.4,12.1,5.0,2,1,1,5319
30.0,26.5,1.39,3,0,1,4469
34.4,26.9,0.34,2,1,2,4956
39.0,27.3,1.92,3,1,4,4082
33.6,9.4,0.14,2,1,3,5223
33.5,20.7,1.82,2,0,1,4053
30.0,8.1,2.89,2,1,2,4767
30.0,5.7,0.58,3,1,2,5605
30.0,5.5,1.2,2,1,3,4113
56.0,10.3,0.67,4,0,3,6881
30.0,12.9,0.69,4,1,4,3643
30.0,24.9,0.45,2,1,2,5293
30.0,3.6,1.72,3,0,3,3822
43.3,22.0,3.3,1,1,1,5878
30.3,15.9,3.39,2,0,2,3492
48.2,8.6,0.23,3,0,1,9765
30.0,14.8,2.49,3,0,2,4360
36.0,9.0,1.6,3,1,3,5315
30.0,17.9,0.35,2,0,1,5516
63.0,13.0,0.1,2,0,0,13484
30.0,4.9,0.37,2,0,0,6390
36.3,3.5,2.92,3,1,0,8545
40.1,16.4,1.2,3,0,0,8666
37.5,27.1,1.53,3,1,1,7548
31.3,10.3,0.36,2,1,1,7168
31.9,22.0,1.52,2,1,1,6279
33.6,19.8,0.1,2,0,4,2695
31.7,27.9,0.56,1,1,2,3919
44.2,24.6,1.18,2,1,1,7425
64.3,17.0,0.19,4,0,2,12081
30.0,19.7,2.08,4,1,4,2965
30.0,27.0,0.32,3,0,3,3799
32.2,12.0,1.27,2,1,1,6485
71.8,9.8,0.62,1,1,2,11936
30.0,0.3,1.09,4,0,3,4526
54.1,24.8,0.14,1,0,3,4563
54.8,24.0,0.1,4,1,3,8098
30.0,3.1,2.88,2,0,4,2175
39.3,17.3,0.38,2,1,4,3963
54.0,13.9,2.06,4,1,2,9945
30.0,3.6,5.0,1,1,2,3102
31.2,29.4,0.29,3,1,3,5156
30.0,6.4,0.37,3,1,3,4243
30.0,2.0,1.3,2,1,0,8019
30.0,17.8,4.04,2,1,4,2821
30.0,22.2,2.97,3,1,1,6001
33.5,1.0,0.84,3,1,2,6191
30.0,19.8,1.9,1,1,4,2646
35.5,16.0,0.18,4,0,1,6429
30.0,3.1,4.55,2,0,2,3748
36.6,5.2,4.0,2,1,1,6054
42.5,17.0,0.21,2,0,2,5745
30.0,8.9,0.43,1,0,1,4033
37.0,28.1,0.13,2,1,2,4463
47.9,24.6,0.38,5,1,2,9237
30.0,29.5,2.03,2,0,4,2512
54.7,7.8,0.57,2,1,4,5765
37.6,29.1,0.11,2,0,1,5794
30.0,12.9,0.5,3,0,3,4165
32.6,10.4,4.78,4,0,0,6975
39.2,1.5,1.19,2,0,0,8737
33.9,1.6,0.65,1,1,1,5747
38.9,20.8,0.22,2,1,4,3312
30.0,13.7,5.0,1,0,4,2182
34.8,6.8,2.06,2,1,1,8093
30.0,18.4,0.4,2,0,1,5037
32.0,7.6,0.1,2,0,1,4961
30.0,17.3,0.1,3,0,2,5236
30.0,10.8,0.15,2,1,2,5248
48.0,24.7,1.04,4,1,1,10603
45.9,24.6,3.17,4,1,3,6756
39.8,14.3,0.82,3,1,2,7598
30.0,10.5,2.22,2,0,4,2187
30.1,10.9,0.71,2,0,3,3399
47.7,24.2,1.48,2,0,2,6353
34.6,9.8,1.58,3,1,3,5391
66.4,6.3,0.23,2,1,3,9819
37.3,2.5,0.54,4,0,1,8871
35.1,14.0,1.22,4,1,2,6769
30.2,14.5,0.1,2,1,4,3400
34.5,25.2,0.54,3,0,1,3995
31.6,6.6,0.92,1,0,0,5241
41.0,11.4,5.0,2,1,2,5560
44.1,24.3,0.77,2,0,3,4538
30.0,24.7,2.03,2,1,3,3419
30.0,11.5,0.68,4,0,4,2996
30.0,13.8,1.91,2,1,2,5164
38.6,9.1,1.09,2,1,1,8073
30.0,28.0,2.61,3,0,2,4166
30.0,3.6,0.64,3,1,3,4044
37.2,28.0,1.11,2,0,0,6289
70.0,20.5,1.19,4,0,1,12668
33.1,15.9,0.65,3,0,0,6792
42.6,1.0,0.19,2,0,2,6133
33.9,14.3,0.12,1,1,4,3200
32.1,12.2,0.1,2,0,3,4181
43.6,4.8,2.48,4,1,4,4327
30.4,19.7,0.32,3,1,0,9071
35.9,29.1,0.29,4,0,4,3877
36.5,16.9,1.6,2,1,3,4643
30.0,21.4,0.46,2,1,2,5363
44.6,2.1,0.85,1,1,4,3776
31.4,12.5,0.21,2,0,1,5040
30.0,3.5,3.86,3,0,4,2533
38.9,18.4,2.29,3,1,4,4644
30.0,28.2,2.39,2,1,3,3418
33.4,19.9,0.63,2,0,2,4753
33.0,2.3,1.72,2,1,1,6160
45.9,10.6,0.19,2,1,2,8411
38.2,16.5,0.1,2,1,2,7630
32.9,12.1,0.1,2,1,3,5200
42.3,25.0,1.06,2,1,3,5282
50.3,24.4,0.73,1,0,4,3941
39.1,18.4,0.88,2,1,0,9134
33.2,11.2,0.1,1,0,3,3718
30.0,7.7,0.66,3,0,4,3441
30.0,3.2,1.52,2,0,3,3850
30.2,10.6,0.7,5,1,1,8134
30.0,12.4,1.58,2,1,0,7006
31.3,20.3,0.32,2,1,0,6826
33.7,19.7,2.01,2,0,3,3128
38.8,2.1,1.07,1,1,3,4764
32.4,11.9,0.28,4,1,4,4391
38.3,5.5,0.32,1,1,2,5062
33.8,4.7,1.19,4,1,2,7728
30.0,24.8,2.13,4,1,3,3171
30.0,1.3,0.64,3,1,3,6283
31.7,12.6,0.36,3,1,4,4477
30.0,5.0,2.42,3,1,3,4223
39.6,26.4,1.33,2,1,2,5967
52.4,16.7,0.71,3,0,3,6712
47.7,6.9,0.8,1,1,4,4343
31.1,15.1,0.27,1,1,2,4804
51.8,21.9,1.18,2,1,1,9313
34.6,28.7,0.53,3,1,1,7058
30.0,6.6,5.0,4,0,0,5564
30.0,26.6,0.79,2,1,3,3330
30.2,28.0,0.8,4,0,1,5695
30.0,27.5,1.0,2,0,1,4605
34.9,19.1,2.98,2,0,1,4905
34.7,18.9,1.94,2,1,2,5148
33.1,12.1,0.72,2,1,2,6259
37.8,22.6,1.52,2,0,3,3774
47.3,15.9,1.06,3,1,0,11873
44.0,20.3,0.81,4,0,1,9653
30.0,12.9,0.26,2,0,2,4313
30.0,21.9,0.75,2,0,2,4104
43.8,24.7,0.34,4,1,1,10142
30.0,4.4,2.96,3,0,0,6550
31.0,25.0,0.49,2,0,4,2564
30.0,16.2,3.65,2,0,3,3165
30.0,25.3,0.91,4,1,1,6741
39.0,12.9,1.2,3,1,0,8848
41.6,11.4,0.94,2,1,4,4722
30.0,27.5,0.17,2,1,3,3835
30.0,7.5,0.57,4,1,2,6887
30.0,25.3,0.13,1,0,3,2151
37.2,14.5,1.17,5,1,3,6667
30.0,15.4,0.71,2,0,3,3258
35.0,9.3,1.81,3,1,2,5608
33.0,17.2,0.3,2,1,2,5266
39.4,9.8,0.22,2,1,0,8920
34.3,1.2,0.63,4,1,4,4823
30.0,8.2,3.13,2,0,3,2622
47.4,0.2,1.49,3,1,1,10993
31.6,29.4,0.65,1,0,4,2606
32.8,29.0,0.87,1,1,4,2907
30.0,11.9,0.11,2,0,4,3032
30.0,21.9,5.0,3,1,4,2835
30.0,10.4,1.32,2,1,4,3547
31.4,20.1,0.4,2,1,1,7302
55.3,24.2,1.06,2,1,3,6593
30.0,28.4,0.14,3,1,3,4079
30.0,12.0,4.05,3,0,1,4841
51.5,23.5,0.23,2,0,0,10149
31.1,8.0,1.25,1,0,4,2641
30.0,29.7,0.34,4,1,1,8170
45.2,0.8,1.52,2,1,4,4897
30.0,18.1,1.8,4,1,0,8078
57.3,19.8,1.34,4,0,0,11138
40.6,20.6,1.14,3,0,2,7187
30.0,3.6,2.68,2,0,1,4479
63.3,28.2,0.1,4,0,3,8113
30.0,5.4,0.48,3,1,2,5763
41.4,18.7,0.34,3,1,0,9797
36.2,6.7,5.0,2,1,1,5147
48.9,9.2,0.59,2,1,2,7963
52.9,16.4,1.58,2,1,1,8377
33.4,12.5,1.39,3,1,3,4567
30.0,4.8,0.29,3,0,2,6032
38.0,5.1,0.33,2,0,0,8320
30.0,12.5,0.4,2,0,2,4719
60.6,22.7,0.64,2,0,0,12155
34.5,26.9,0.32,3,1,1,8597
30.0,2.5,0.1,4,1,1,6648
35.0,11.8,2.54,2,0,4,2462
30.0,3.0,4.04,2,1,4,2508
30.0,0.5,0.5,2,1,3,4274
47.5,19.9,0.5,3,1,2,8382
30.0,18.1,0.1,3,1,1,6444
30.0,4.9,1.37,4,1,2,6399
38.9,7.0,2.09,2,1,3,5088
47.3,0.7,0.19,5,1,4,6905
41.1,25.0,0.21,1,0,1,4533
44.6,29.2,1.87,3,1,0,8712
30.0,4.1,1.15,1,1,3,3542
30.0,6.9,0.1,4,1,3,5333
52.0,26.1,1.17,3,1,3,6348
30.1,27.8,0.44,3,0,3,3440
30.7,12.6,0.55,4,0,4,3042
49.3,1.5,1.76,2,0,2,6747
39.1,1.2,2.0,1,1,4,3246
38.0,17.2,0.61,4,1,4,4503
63.4,11.8,3.53,2,1,3,6252
30.0,0.9,0.63,2,1,2,5348
43.7,17.5,1.77,2,1,1,7238
33.7,0.3,0.79,3,1,2,7348
35.9,23.6,2.73,1,1,2,4619
52.4,9.2,2.86,2,0,4,4093
38.6,1.2,0.11,1,1,1,6874
38.9,17.7,3.31,2,0,1,5517
45.7,11.9,2.1,4,1,3,7601
30.0,29.2,1.88,5,1,0,8029
30.0,16.3,0.27,3,0,2,5518
30.0,8.3,1.96,2,0,2,4198
30.0,21.3,2.28,4,1,3,4833
61.4,8.1,0.41,3,1,1,14193
30.0,27.1,3.65,2,1,4,2629
31.0,11.2,0.1,4,1,2,6208
30.5,16.5,0.19,3,0,4,2942
36.3,1.5,0.93,3,0,2,6167
42.3,12.8,1.03,3,0,1,7922
42.9,25.0,1.24,2,1,1,8095
30.0,24.2,0.1,2,0,0,6238
31.5,6.7,3.87,3,1,2,4271
36.0,6.8,0.1,2,0,1,5782
30.7,24.5,0.19,2,0,2,4287
53.6,27.9,0.1,3,1,2,8818
38.4,2.9,1.0,3,1,1,11793
41.3,13.5,3.23,2,1,1,7304
40.4,10.1,1.32,3,1,3,6017
47.1,26.1,2.08,4,0,4,4167
35.0,2.5,0.1,3,1,1,8098
30.0,6.3,0.94,2,1,1,6146
37.3,22.6,0.74,2,1,4,3832
30.0,1.5,0.83,2,0,0,5800
30.0,14.8,0.1,2,1,4,3225
39.5,13.3,1.38,2,0,0,8204
48.0,10.0,0.84,2,0,4,4887
33.3,11.8,1.74,2,0,2,4540
36.3,15.9,0.8,4,1,4,4066
55.2,4.8,0.19,2,1,2,10413
35.6,17.2,1.25,3,1,3,5986
72.3,24.2,0.23,3,1,0,19904
39.2,22.8,2.47,1,1,1,6282
30.0,4.6,1.14,4,0,3,4953
41.5,4.5,0.21,3,1,2,8419
37.1,8.0,3.93,2,0,4,2923
48.8,10.8,0.88,3,1,2,8485
40.5,12.3,0.1,2,0,4,3867
31.8,20.4,1.18,3,0,2,5277
30.0,1.7,0.35,1,0,4,2427
31.1,1.0,1.95,4,0,4,3090
30.0,11.8,2.04,2,0,2,3958
30.0,20.9,4.63,3,0,4,2153
39.5,5.8,0.84,2,1,3,5966
54.7,19.2,0.73,3,1,1,11058
37.3,7.8,1.68,3,1,3,6501
30.0,26.6,0.17,2,1,0,5770
37.8,26.9,0.95,3,1,3,5970
47.4,8.9,0.95,2,1,1,8722
30.0,6.9,0.11,4,1,0,7473
31.8,12.3,0.65,2,1,2,5543
33.3,7.2,2.3,4,1,2,6285
30.0,20.2,2.33,4,0,4,2559
40.2,24.8,0.13,2,1,4,3470
31.9,20.2,0.11,2,0,2,4473
37.6,24.7,0.37,2,1,0,9052
30.0,11.9,2.49,4,0,3,4053
30.0,4.7,0.17,2,0,2,4586
41.1,22.1,1.53,3,0,2,6089
30.0,10.8,0.13,4,0,2,5434
55.6,20.1,1.17,2,1,2,7417
30.0,8.1,0.53,3,0,2,4198
35.4,2.4,1.87,2,0,3,3924
43.8,29.8,0.32,2,0,2,5610
30.0,4.7,1.22,3,0,4,3298
30.0,29.7,0.32,1,1,2,4501
30.0,29.3,1.5,2,0,1,4610
48.4,23.8,2.48,4,1,4,5188
30.0,19.8,0.16,2,1,2,4353
71.3,17.3,2.42,5,1,1,17081
30.0,26.0,1.08,5,0,3,4462
35.0,8.7,0.16,2,1,2,4746
52.6,14.0,0.67,1,1,3,5800
60.5,18.6,0.21,3,1,2,10402
61.5,12.3,1.45,2,0,3,6746
47.6,12.8,1.71,2,0,0,7832
45.0,9.9,0.13,3,1,2,8813
39.6,16.9,0.85,1,1,4,3559
41.8,25.5,2.02,4,0,3,4988
30.0,6.0,3.3,2,0,1,4070
30.0,28.0,0.86,2,0,1,4263
33.1,20.7,3.6,2,1,2,3955
31.5,24.7,0.92,5,0,3,4690
30.0,16.7,0.6,3,1,3,4831
40.8,23.4,2.26,4,1,3,5462
44.1,0.5,0.82,2,1,2,9032
34.0,24.6,0.77,2,1,3,4252
51.6,1.2,0.81,2,0,2,8740
30.0,26.7,2.25,2,1,1,4724
31.2,29.8,2.14,3,1,2,3912
30.0,8.8,0.62,3,1,4,3852
30.0,6.3,0.49,2,1,3,4467
32.3,23.0,0.81,4,1,2,6342
31.9,7.6,1.02,2,1,3,4171
52.1,26.0,0.33,5,1,4,7068
40.0,3.1,1.9,1,0,2,4605
30.0,3.8,0.8,2,0,2,4281
57.8,29.4,0.49,2,0,4,5102
47.8,20.2,0.14,2,1,4,5148
39.4,25.4,0.33,3,0,2,6245
30.9,9.7,3.58,2,0,2,3593
30.0,20.3,0.44,2,0,2,3989
30.0,17.8,0.22,3,0,1,4944
45.9,18.1,0.74,3,1,4,5102
58.3,20.5,0.44,4,0,2,6470
52.6,17.3,0.1,2,1,4,5320
30.0,12.9,0.47,3,1,1,6735
30.0,8.3,0.94,3,1,2,6046
34.5,23.1,0.96,2,1,0,7207
30.0,6.8,0.53,2,0,3,3740
36.5,20.8,0.71,2,1,2,4607
31.7,7.0,4.04,2,1,3,3604
30.0,18.8,0.57,2,0,0,4690
30.0,22.4,0.36,2,1,1,5113
38.6,6.6,0.33,3,1,0,10259
30.0,1.8,0.73,3,0,1,6654
30.0,3.9,1.71,5,0,3,4764
30.0,18.2,0.28,3,1,2,5656
32.8,25.5,1.48,1,0,3,2972
56.4,1.3,0.1,4,1,2,11795
54.5,22.0,0.65,4,1,1,11925
30.0,10.2,1.79,2,1,1,5937
30.0,14.4,0.5,3,1,1,5794
38.1,27.9,1.0,5,0,3,5644
30.0,10.0,0.28,3,0,3,3868
36.3,14.0,1.63,4,1,1,9048
41.7,0.4,0.1,1,1,1,8869
47.9,2.4,2.3,2,0,4,3381
32.1,7.8,0.27,2,1,3,4415
31.2,0.8,2.49,3,1,3,4185
30.0,18.9,0.52,4,0,2,4173
30.0,12.8,1.54,5,0,1,5742
30.9,16.4,0.46,2,0,4,3438
37.0,5.2,2.84,1,1,3,4350
43.6,8.9,0.16,4,0,2,9423
30.0,19.9,0.24,3,1,3,4967
51.8,29.0,0.82,2,1,3,5952
30.5,1.5,0.1,2,1,1,6455
32.9,26.7,0.26,3,1,2,6243
30.0,17.3,3.45,3,1,1,5707
30.0,16.9,4.5,2,1,1,4284
43.2,15.0,0.57,2,1,3,5019
41.3,2.1,3.08,5,0,1,11109
30.4,2.7,0.94,3,1,3,4818
33.8,18.0,0.38,2,1,4,3484
38.7,10.2,1.45,2,1,0,8699
30.0,27.5,1.29,3,1,2,4918
30.0,12.2,5.0,2,0,3,2619
42.0,4.3,0.37,2,1,3,6957
30.0,21.4,1.34,3,0,3,3503
36.2,8.8,0.1,2,1,2,5707
30.0,15.8,0.14,3,1,2,5672
38.1,20.9,0.1,2,0,2,5055
32.8,27.0,5.0,3,0,4,2575
30.0,23.8,1.95,2,1,2,4950
47.0,20.3,1.85,1,0,4,3337
30.0,20.4,0.86,2,1,1,4981
30.0,28.4,0.43,4,0,4,2712
35.2,8.9,0.2,4,0,3,5250
46.7,0.0,0.4,2,0,2,7338
30.0,8.2,0.57,3,0,3,3844
33.7,6.5,1.69,3,1,1,6958
37.7,19.9,0.93,5,0,1,7517
40.8,19.0,0.1,2,1,1,8101
34.9,17.8,0.1,3,1,1,5970
30.0,0.5,0.13,1,1,2,4410
30.0,21.9,0.63,2,1,3,3724
34.0,9.7,3.25,5,0,3,5096
30.0,20.0,1.22,3,1,1,5738
30.0,16.7,1.94,2,1,4,2986
37.7,10.3,0.75,2,1,3,5380
43.4,4.0,0.54,3,1,4,6184
30.0,2.8,0.14,3,0,3,4740
30.0,24.9,2.5,2,1,1,4986
39.9,27.6,1.83,5,0,2,6163
61.4,19.5,0.22,1,0,3,5694
33.3,3.1,0.86,2,0,0,6509
30.0,12.1,0.8,4,1,0,8144
31.3,21.9,1.18,2,0,1,5100
50.0,23.4,3.51,2,1,1,8098
30.0,3.5,1.04,3,0,2,5146
30.0,0.0,0.93,4,1,2,7422
30.0,21.4,0.1,2,1,1,7044
30.0,10.7,0.1,4,1,3,5429
34.4,7.6,0.25,3,0,2,6320
53.9,0.4,0.1,2,1,1,11330
36.5,16.2,1.63,3,1,0,9714
30.7,25.5,1.54,2,1,0,6944
30.3,28.7,0.18,2,0,2,4449
30.0,17.0,2.17,3,0,1,5029
43.2,15.4,0.2,5,1,2,9249
32.4,2.6,0.43,2,0,3,3442
31.4,16.5,0.34,2,1,2,5296
86.3,11.4,0.56,2,1,1,19526
36.2,18.2,0.35,2,0,2,4893
30.0,11.7,0.81,2,1,3,4485
30.0,7.2,0.63,1,1,4,3210
46.7,2.8,5.0,3,1,3,5444
34.3,9.4,0.1,2,1,2,6908
30.0,2.9,0.18,2,1,2,3912
43.6,5.3,0.1,4,1,2,8529
30.0,29.6,1.18,4,1,4,3198
58.1,13.3,0.1,2,1,0,12500
45.8,16.0,2.17,2,1,4,4532
30.0,26.2,0.86,3,1,3,4390
48.6,29.9,0.9,2,1,3,6220
33.8,17.5,0.99,2,0,0,6592
42.8,24.4,0.22,3,1,3,5728
38.3,9.8,0.26,1,0,2,4356
30.0,9.2,0.46,1,0,1,4761
30.0,12.1,1.08,1,0,1,4072
45.1,20.2,0.28,2,1,4,3997
30.0,20.5,0.15,1,1,2,4887
30.0,9.5,4.21,5,1,2,6278
30.0,4.0,0.1,2,0,0,7240
37.6,19.0,1.95,2,1,3,4731
61.5,3.8,1.86,2,0,3,7215
30.0,17.4,0.42,4,0,3,4810
33.4,20.8,0.17,3,1,2,5812
50.6,21.0,0.19,2,1,2,9260
32.3,22.6,1.43,4,0,2,5225
37.9,26.2,1.24,2,1,1,7414
30.0,15.0,1.83,2,1,4,3037
37.7,21.9,3.33,2,0,2,4798
31.3,18.6,1.41,2,1,2,5029
44.5,5.6,0.2,2,0,2,5670
47.3,0.8,0.33,3,0,3,7505
72.0,8.5,2.22,2,0,1,9853
39.4,13.3,0.28,3,1,1,10064
36.5,18.5,0.1,1,1,3,4438
35.1,25.5,1.46,2,1,2,5898
30.0,5.9,0.62,2,1,3,4826
36.7,3.8,3.03,4,1,1,8471
30.3,28.9,1.26,2,1,3,3900
34.8,3.2,0.11,3,1,0,10147
49.2,14.4,3.54,2,1,0,7384
30.0,17.6,0.36,2,0,4,2712
46.6,16.2,0.49,1,1,2,6104
49.2,2.6,0.62,2,1,2,8870
32.0,1.7,0.1,2,0,1,5177
30.0,3.2,0.82,2,0,3,3189
30.0,17.6,0.16,3,1,2,6620
48.9,16.3,0.61,1,1,4,5027
32.9,7.0,0.52,3,1,4,4113
30.0,19.1,1.78,2,0,3,3192
30.0,24.6,1.95,3,0,2,3996
42.6,1.2,0.2,3,0,2,7694
39.0,14.9,0.55,2,1,3,5002
30.8,20.7,0.56,2,1,1,6551
30.0,7.6,0.2,3,1,2,5851
30.0,9.2,1.92,4,0,0,6436
30.0,18.4,1.47,2,0,0,5357
53.8,26.9,0.25,1,0,1,6980
30.1,24.3,0.55,4,1,2,6133
47.7,17.5,0.13,2,1,3,6237
52.3,21.9,1.19,3,1,2,9418
44.7,10.9,0.16,2,0,2,7309
30.0,19.2,5.0,2,0,0,3852
37.4,14.0,1.82,3,1,2,6436
32.9,5.7,0.59,3,1,1,8010
30.0,21.1,1.04,2,1,3,3727
36.5,16.7,2.91,2,1,4,3489
30.0,10.8,0.97,3,0,1,5863
47.3,27.3,0.23,3,1,1,10978
30.0,0.6,0.57,1,0,2,3778
35.2,9.5,2.22,3,1,4,3535
36.1,1.7,1.24,3,0,3,4599
30.6,23.0,1.26,3,1,4,3041
39.5,21.1,2.42,3,0,2,5604
30.0,9.9,2.69,2,1,4,2559
43.0,20.3,3.03,3,1,1,9718
30.0,11.9,0.12,3,1,0,9081
34.4,22.7,0.94,1,1,4,3058
59.2,13.6,1.62,2,1,4,6413
30.0,12.4,1.7,2,1,0,5466
30.0,28.0,1.12,3,0,1,6264
38.6,7.5,0.22,2,1,0,8836
34.9,3.6,1.92,3,0,1,6235
36.8,17.5,1.53,4,0,1,5678
38.4,29.1,0.11,3,1,4,4548
40.1,11.3,0.75,4,0,3,5059
46.2,1.9,0.23,5,1,3,9379
37.4,10.2,0.49,1,1,3,4437
30.8,15.2,0.1,3,1,2,5309
40.5,4.9,0.61,2,0,3,4480
58.6,19.7,0.96,4,1,2,11625
31.8,29.9,1.16,2,1,2,4150
30.0,13.6,1.31,5,1,2,6078
46.2,10.6,2.17,3,0,2,7082
31.9,12.0,0.29,3,1,3,6395
30.0,3.5,0.15,1,0,4,2709
42.7,26.5,2.29,2,0,2,4559
30.0,12.4,0.2,3,0,3,3841
32.2,11.6,4.42,1,0,0,4310
36.6,19.8,2.22,4,0,3,4378
35.1,13.3,0.83,1,1,2,5653
41.0,19.4,4.78,3,1,0,7822
30.0,1.8,0.12,2,1,2,6071
38.6,24.4,0.43,3,1,3,5483
30.6,28.2,1.22,3,1,1,6889
41.3,19.5,0.52,2,1,4,4242
39.8,28.6,3.16,2,1,0,6451
30.0,4.5,0.1,1,0,4,3141
45.9,14.3,0.96,3,1,3,5607
30.0,18.1,1.07,3,0,2,4159
42.2,17.5,1.27,3,1,2,6989
37.0,12.0,0.35,3,0,3,6080
57.5,10.1,0.54,2,0,3,7886
31.0,3.8,2.23,2,1,3,4699
30.0,11.8,0.26,1,1,2,4487
32.9,4.9,2.1,2,1,2,6610
30.2,22.0,0.99,5,1,4,4251
42.1,6.3,1.72,4,0,1,9154
30.0,1.8,1.5,2,0,2,4349
30.0,16.6,0.28,3,1,1,6698
30.0,17.9,1.01,4,1,3,4766
44.0,26.2,2.43,2,1,3,4936
55.3,17.3,0.68,1,1,1,9996
32.1,10.4,4.08,1,0,0,4581
31.5,24.1,0.72,3,1,0,7583
33.8,16.2,0.18,5,1,2,8963
46.9,2.4,0.59,3,1,2,6556
30.0,17.0,3.64,1,1,4,2427
35.6,27.2,0.46,2,0,2,5021
44.4,11.9,2.43,3,1,1,9867
38.5,8.9,2.56,4,0,4,3820
35.1,4.3,0.52,3,0,2,5937
44.7,4.5,0.1,3,1,2,9944
30.0,13.0,1.55,1,1,0,6685
40.6,17.9,0.45,4,0,2,6711
30.0,2.4,1.83,3,0,4,3039
30.0,28.2,0.7,2,0,2,4540
38.6,22.7,0.8,3,1,2,5383
50.0,17.6,1.81,2,0,3,4834
31.8,24.9,0.58,1,1,4,3272
44.1,2.4,0.7,2,0,1,8534
53.7,14.3,0.57,2,0,2,7860
49.1,18.9,0.55,2,1,4,4879
54.2,24.9,0.9,2,0,1,7504
41.4,23.5,1.99,3,1,3,5204
33.9,8.3,0.54,2,0,3,4661
30.0,28.2,0.89,2,1,3,3536
30.8,3.7,1.33,1,0,2,3914
30.0,26.3,0.38,3,1,2,4960
63.5,29.1,0.39,2,0,3,7239
31.4,5.3,3.25,2,1,1,5245
34.4,21.7,1.54,4,1,2,6404
39.1,1.2,1.03,3,1,1,7512
33.6,12.2,1.25,4,0,0,6457
55.1,15.5,0.1,2,1,4,5970
30.0,17.4,1.16,2,1,2,4185
35.1,28.1,0.85,3,1,4,4636
30.0,20.2,0.95,2,0,1,3762
30.0,14.4,0.53,2,1,2,4682
30.0,24.3,0.1,1,1,1,5175
32.7,28.5,0.26,4,1,3,5053
30.0,0.7,3.61,2,1,3,3257
30.0,29.5,0.63,4,1,1,6116
30.0,2.6,0.75,4,1,4,3771
32.3,24.4,0.1,2,0,1,5079
30.0,8.4,0.1,3,0,3,4898
41.6,4.0,1.52,3,1,4,4987
33.9,13.2,0.93,4,1,4,4947
30.0,19.3,0.85,2,0,4,2709
30.2,11.4,0.33,3,1,2,6525
30.0,1.6,1.64,2,0,1,3606
36.4,18.0,0.22,4,1,1,8674
49.5,27.1,0.25,2,1,2,8884
30.0,11.5,0.74,2,1,3,3939
34.3,6.5,0.4,3,0,1,7873
31.6,13.3,0.34,4,1,3,6295
40.5,1.5,1.24,3,1,2,7438
35.3,24.6,1.26,2,1,2,5127
30.0,24.8,2.09,2,0,3,2674
30.1,17.6,0.65,5,0,2,5237
30.0,10.6,0.1,3,1,3,4262
45.7,24.0,0.38,4,1,1,11148
33.3,16.6,4.69,1,0,3,2168
58.6,24.8,1.09,2,1,0,12885
32.5,18.9,1.48,3,1,1,7107
30.0,23.5,0.1,4,1,3,4168
30.0,18.0,0.88,1,0,4,2650
30.0,12.4,0.1,4,1,1,8068
30.0,28.7,1.01,3,0,2,4561
35.9,16.2,3.04,2,1,2,4729
38.6,18.2,4.15,2,1,1,6302
30.0,6.6,0.93,2,0,3,3929
43.3,18.8,0.74,3,1,3,6353
30.0,17.1,3.48,1,1,1,5199
34.6,5.5,1.34,2,0,2,4889
53.7,1.8,0.1,4,0,3,9191
43.3,18.1,0.75,2,0,2,6049
30.6,22.9,0.33,2,0,3,3612
30.0,15.7,0.76,2,0,0,4720
30.0,6.8,0.73,3,1,3,4957
30.0,20.0,1.05,3,1,1,5847
31.1,2.4,0.53,2,0,3,3503
30.0,13.3,0.22,3,1,2,6835
31.8,4.9,0.84,3,0,1,5987
33.9,5.5,2.13,2,0,3,3340
31.0,6.1,1.31,2,1,0,6881
30.0,11.6,0.5,2,0,2,3754
34.8,1.5,3.29,2,1,2,6034
37.8,11.9,2.92,3,1,1,6818
30.0,15.4,0.28,3,0,4,3201
50.6,14.5,0.1,2,1,3,8064
32.2,11.5,1.62,2,1,0,6708
33.3,25.2,2.11,2,1,3,4152
41.0,4.4,4.13,3,0,2,4781
35.5,15.2,2.65,2,0,4,3455
44.1,1.9,1.1,3,0,2,7774
36.1,2.1,0.91,2,0,2,5199
30.0,17.2,0.1,3,1,2,5291
36.9,17.0,0.34,4,0,2,6305
30.0,26.3,0.74,2,0,2,3788
34.2,16.7,1.19,2,1,1,7764
32.8,28.8,0.98,5,1,3,4821
31.1,1.5,1.63,2,0,2,4458
31.9,2.9,0.39,3,0,4,3413
30.0,1.3,1.0,1,0,1,4563
30.0,5.6,0.11,3,0,3,4111
34.1,16.2,0.64,1,1,4,3155
34.7,19.4,1.66,5,0,3,5328
30.0,1.4,1.42,3,1,4,3888
48.4,28.4,5.0,3,1,3,5258
30.0,25.3,0.39,3,0,2,3129
44.3,8.9,0.83,3,1,3,7082
37.6,2.3,0.48,2,0,1,5581
30.0,5.1,0.7,4,1,2,6937
56.4,3.8,2.33,5,1,1,16232
30.0,3.7,1.38,2,1,3,3797
43.6,15.6,2.57,4,1,2,7692
44.7,7.4,0.27,3,1,2,8303
30.0,10.7,2.48,3,1,1,6806
50.3,29.7,0.1,2,0,4,4243
30.7,20.5,2.63,2,1,0,7060
36.1,28.5,0.48,1,1,0,7109
35.8,4.3,0.45,2,1,1,7763
31.8,11.5,0.86,3,0,4,3198
42.2,16.6,3.39,2,1,4,4022
42.0,2.3,0.1,2,0,3,4354
30.0,0.1,0.52,5,0,4,3950
49.0,20.1,2.33,2,1,1,8349
30.0,19.3,0.61,2,1,4,3369
45.1,12.3,0.27,2,0,1,7529
46.4,14.7,0.66,1,0,1,6030
30.0,12.5,0.58,3,0,1,5637
30.0,0.7,2.96,3,1,2,4657
30.0,10.1,1.72,3,1,3,3570
31.0,5.3,0.84,2,1,2,5815
30.2,3.0,5.0,3,1,4,3008
41.8,28.7,0.75,2,1,2,6719
49.1,18.0,0.1,2,0,1,9207
50.3,21.9,0.37,1,1,2,6748
30.0,9.5,0.69,2,0,3,3025
31.1,11.8,0.2,2,0,3,3691
30.0,7.1,3.54,2,1,2,4202
30.0,2.9,1.75,5,0,2,5156
44.2,5.4,0.37,2,1,1,9229
53.8,23.9,1.07,2,0,3,5283
30.0,20.3,1.53,2,1,4,2409
30.0,16.4,3.4,3,1,0,6083
32.9,14.3,2.56,1,0,4,2039
36.0,27.7,0.87,4,1,2,6978
30.0,2.2,1.79,5,0,1,6224
37.6,8.4,0.99,2,1,4,4510
30.0,10.5,0.97,2,1,2,5877
33.0,23.5,0.15,1,1,2,5132
39.0,29.8,0.16,3,1,1,6870
33.2,7.2,0.9,2,1,1,7761
30.0,26.2,0.38,2,0,3,3796
32.0,24.9,0.1,2,0,3,3588
32.2,6.7,1.54,3,0,4,3585
30.0,12.0,0.1,2,0,1,4921
30.6,12.3,1.09,2,1,1,4888
53.5,29.3,0.93,3,0,0,9403
39.2,5.4,4.16,3,1,2,7127
30.3,24.0,0.79,4,0,4,2666
40.8,10.0,0.1,2,1,3,5907
30.0,21.9,0.96,3,0,2,4440
47.1,12.6,2.21,3,0,4,4036
37.0,17.4,5.0,2,0,3,2953
32.1,25.0,0.68,3,0,0,6487
37.9,24.1,0.46,2,0,3,3915
30.0,26.0,2.85,4,0,2,3626
30.0,1.8,0.25,2,1,1,6670
30.0,20.8,1.15,3,1,1,6916
34.6,4.2,0.62,2,1,2,6670
55.7,12.5,0.1,5,1,2,11914
64.7,16.5,0.51,2,1,1,10987
40.1,12.1,0.37,5,1,1,10682
38.5,15.6,1.39,4,1,3,7137
30.0,29.9,3.57,2,0,4,2163
30.0,4.1,0.37,4,0,3,4872
30.0,20.3,2.0,5,1,1,7801
30.0,11.9,0.1,2,1,1,6516
31.5,4.0,0.93,2,1,1,6586
30.0,4.8,0.1,3,1,1,7718
30.0,28.5,3.26,2,0,2,3110
41.4,26.4,1.74,1,1,3,3768
30.0,27.2,1.29,2,1,3,3973
35.6,29.7,2.08,2,0,3,3842
61.7,6.2,1.25,2,0,1,8970
30.0,10.7,4.17,2,1,2,4416
30.0,20.1,1.5,4,0,3,4561
30.4,14.5,3.1,3,1,2,4876
46.1,12.6,0.87,1,1,1,7351
59.6,10.7,0.15,3,1,2,11681
30.0,17.8,0.9,3,1,1,6089
38.4,17.3,0.16,5,1,0,11241
30.0,4.8,1.08,1,1,3,3912
32.1,14.2,0.79,2,0,4,2387
73.2,16.6,1.17,4,0,1,11915
30.0,17.1,0.1,4,1,0,8650
35.7,6.3,0.26,3,1,3,5833
38.1,22.3,0.81,3,0,1,6884
45.9,0.8,3.61,1,1,2,7114
34.1,10.6,0.58,3,0,0,7520
36.3,23.4,0.66,2,0,1,6049
30.0,16.9,1.51,2,1,3,3495
35.9,7.8,1.11,4,1,3,6581
30.0,20.8,0.43,2,1,1,5536
39.9,17.0,0.63,2,1,2,6640
30.0,23.9,0.29,4,1,1,7047
37.1,22.1,4.06,2,0,0,5965
32.8,18.3,0.17,5,1,4,4139
46.4,14.6,0.56,5,1,3,6606
32.6,4.0,0.1,3,1,2,6530
30.0,7.8,0.3,2,1,3,4576
48.4,12.6,1.82,2,1,3,6286
30.0,18.0,0.27,2,1,3,4659
30.0,15.4,0.1,2,1,0,7389
30.0,8.6,0.77,2,0,1,4809
50.0,0.2,0.1,5,1,3,7819
30.0,14.9,0.11,2,0,2,4234
84.9,8.6,1.98,3,1,4,10266
45.5,22.0,1.77,1,1,3,4721
35.4,0.7,2.96,3,1,4,3921
32.6,17.5,2.31,4,0,1,6133
36.1,28.2,1.38,2,1,4,3066
38.7,5.2,0.1,2,1,2,7469
40.2,14.1,1.83,3,1,4,5174
39.1,2.7,2.24,3,1,1,8171
34.0,18.8,1.93,3,1,2,5106
31.2,16.5,0.85,2,0,3,3477
31.6,12.2,0.32,2,1,2,4273
31.2,15.6,2.24,5,0,2,5486
46.5,26.9,1.56,4,1,4,5604
39.6,5.9,4.74,2,0,2,5106
30.0,0.7,0.2,4,0,3,4586
40.3,25.8,0.31,2,1,0,9171
35.1,17.3,0.29,2,0,3,3695
32.9,26.7,1.89,2,0,3,3150
30.0,17.9,0.25,2,1,2,4303
46.4,24.3,0.1,3,1,0,11279
44.0,12.9,5.0,1,0,2,3928
30.0,22.5,0.1,2,1,0,7012
37.4,27.4,2.16,3,1,0,7575
30.0,17.2,0.55,3,0,3,3842
30.0,5.4,2.21,3,1,1,6127
30.0,8.1,0.97,4,0,1,6010
42.9,6.0,2.78,1,0,3,3980
44.1,7.4,3.13,3,0,0,8291
38.6,9.2,0.1,3,1,2,8248
41.2,16.7,0.1,3,1,1,9149
38.7,17.6,0.35,2,1,2,6254
30.0,12.8,1.33,2,1,3,3932
37.7,18.5,2.63,4,1,3,5102
42.1,2.4,0.74,2,1,1,8492
41.5,2.6,1.12,4,1,0,14498
47.3,5.2,0.25,3,1,0,11711
41.0,15.5,1.96,3,0,2,5675
36.8,6.4,4.11,4,0,4,3212
45.7,8.5,0.38,3,0,1,8556
32.9,12.0,0.82,2,0,1,5276
30.0,24.4,0.11,3,1,1,6691
31.5,0.4,0.98,4,0,3,3893
30.0,19.5,0.84,2,0,3,3659
